,Date,Carbon,Coal,Gas
0,2023-01-03,79.49500274658203,184.6499939,72.31400299072266
1,2023-01-04,73.9000015258789,178.5,65.02200317382812
2,2023-01-05,75.25499725341797,177.25,72.4219970703125
3,2023-01-06,73.8949966430664,171.8500061,69.53399658203125
4,2023-01-07,73.8949966430664,171.8500061,69.53399658203125
5,2023-01-08,73.8949966430664,171.8500061,69.53399658203125
6,2023-01-09,78.37999725341797,171.1499939,74.302001953125
7,2023-01-10,77.49500274658203,171.0,70.07099914550781
8,2023-01-11,75.3499984741211,165.1499939,65.34600067138672
9,2023-01-12,76.57499694824219,174.75,66.80899810791016
10,2023-01-13,76.09500122070312,169.0,64.81199645996094
11,2023-01-14,76.09500122070312,169.0,64.81199645996094
12,2023-01-15,76.09500122070312,169.0,64.81199645996094
13,2023-01-16,74.29499816894531,169.0,64.81199645996094
14,2023-01-17,76.05500030517578,170.0,60.06100082397461
15,2023-01-18,79.77999877929688,174.1499939,61.70899963378906
16,2023-01-19,80.66000366210938,175.3999939,60.71699905395508
17,2023-01-20,81.5,175.1000061,66.89800262451172
18,2023-01-21,81.5,175.1000061,66.89800262451172
19,2023-01-22,81.5,175.1000061,66.89800262451172
20,2023-01-23,81.49500274658203,172.3999939,65.9990005493164
21,2023-01-24,79.05500030517578,169.6499939,58.26900100708008
22,2023-01-25,81.30000305175781,166.1499939,56.65999984741211
23,2023-01-26,85.4000015258789,166.1499939,54.81499862670898
24,2023-01-27,85.49500274658203,167.5500031,55.42499923706055
25,2023-01-28,85.49500274658203,167.5500031,55.42499923706055
26,2023-01-29,85.49500274658203,167.5500031,55.42499923706055
27,2023-01-30,86.11000061035156,138.6499939,55.15599822998047
28,2023-01-31,89.3949966430664,136.5500031,57.35200119018555
29,2023-02-01,91.36000061035156,141.3500061,59.527000427246094
30,2023-02-02,89.25,136.6499939,57.040000915527344
31,2023-02-03,89.73999786376953,138.0,57.88899993896485
32,2023-02-04,89.73999786376953,138.0,57.88899993896485
33,2023-02-05,89.73999786376953,138.0,57.88899993896485
34,2023-02-06,87.05000305175781,139.5,58.10900115966797
35,2023-02-07,86.72000122070312,135.6499939,55.40299987792969
36,2023-02-08,86.33999633789062,128.8500061,53.6870002746582
37,2023-02-09,87.20999908447266,128.0,52.73400115966797
38,2023-02-10,89.12000274658203,131.0,53.946998596191406
39,2023-02-11,89.12000274658203,131.0,53.946998596191406
40,2023-02-12,89.12000274658203,131.0,53.946998596191406
41,2023-02-13,88.33000183105469,130.0,51.70700073242188
42,2023-02-14,88.01499938964844,134.0,52.38600158691406
43,2023-02-15,90.73500061035156,136.3999939,54.71599960327149
44,2023-02-16,93.54000091552734,136.8500061,52.01100158691406
45,2023-02-17,92.2699966430664,135.6499939,49.047000885009766
46,2023-02-18,92.2699966430664,135.6499939,49.047000885009766
47,2023-02-19,92.2699966430664,135.6499939,49.047000885009766
48,2023-02-20,94.34500122070312,135.6499939,49.047000885009766
49,2023-02-21,96.25,136.6499939,48.54199981689453
50,2023-02-22,92.37999725341795,137.0,50.56800079345703
51,2023-02-23,92.66500091552734,139.0,50.77999877929688
52,2023-02-24,93.16999816894533,138.3000031,51.01300048828125
53,2023-02-25,93.16999816894533,138.3000031,51.01300048828125
54,2023-02-26,93.16999816894533,138.3000031,51.01300048828125
55,2023-02-27,95.9499969482422,148.6499939,47.29899978637695
56,2023-02-28,95.04000091552734,146.0,46.665000915527344
57,2023-03-01,92.41999816894533,146.1499939,47.08399963378906
58,2023-03-02,88.79499816894531,140.5,46.81499862670898
59,2023-03-03,88.02999877929688,131.25,44.97999954223633
60,2023-03-04,88.02999877929688,131.25,44.97999954223633
61,2023-03-05,88.02999877929688,131.25,44.97999954223633
62,2023-03-06,89.01000213623047,123.6500015,42.14899826049805
63,2023-03-07,91.48500061035156,124.6500015,43.369998931884766
64,2023-03-08,93.5500030517578,123.6500015,42.3390007019043
65,2023-03-09,94.75499725341795,127.6500015,43.5989990234375
66,2023-03-10,95.80999755859376,135.0,52.85699844360352
67,2023-03-11,95.80999755859376,135.0,52.85699844360352
68,2023-03-12,95.80999755859376,135.0,52.85699844360352
69,2023-03-13,93.62000274658205,137.1499939,49.58399963378906
70,2023-03-14,88.83999633789062,138.0,44.185001373291016
71,2023-03-15,85.44499969482422,136.0,42.90499877929688
72,2023-03-16,84.19999694824219,137.6499939,44.34099960327149
73,2023-03-17,83.75499725341797,135.0,42.85699844360352
74,2023-03-18,83.75499725341797,135.0,42.85699844360352
75,2023-03-19,83.75499725341797,135.0,42.85699844360352
76,2023-03-20,84.08000183105469,133.8500061,39.32500076293945
77,2023-03-21,86.55500030517578,138.6499939,42.400001525878906
78,2023-03-22,85.83499908447266,135.6499939,39.97499847412109
79,2023-03-23,89.1050033569336,135.6499939,43.18600082397461
80,2023-03-24,84.44999694824219,135.5,41.09400177001953
81,2023-03-25,84.44999694824219,135.5,41.09400177001953
82,2023-03-26,84.44999694824219,135.5,41.09400177001953
83,2023-03-27,84.09500122070312,136.3500061,42.52799987792969
84,2023-03-28,85.83000183105469,137.6499939,42.75199890136719
85,2023-03-29,86.55000305175781,137.8500061,42.803001403808594
86,2023-03-30,87.21499633789062,137.6499939,43.60900115966797
87,2023-03-31,88.375,138.3000031,47.845001220703125
88,2023-04-01,88.375,138.3000031,47.845001220703125
89,2023-04-02,88.375,138.3000031,47.845001220703125
90,2023-04-03,91.98500061035156,148.3500061,51.367000579833984
91,2023-04-04,91.40499877929688,143.3500061,46.56800079345703
92,2023-04-05,92.8499984741211,140.1499939,44.57500076293945
93,2023-04-06,92.83999633789062,135.6499939,43.125
94,2023-04-07,92.83999633789062,135.6499939,43.125
95,2023-04-08,92.83999633789062,135.6499939,43.125
96,2023-04-09,92.83999633789062,135.6499939,43.125
97,2023-04-10,92.83999633789062,135.6499939,43.125
98,2023-04-11,94.3249969482422,130.25,43.69200134277344
99,2023-04-12,92.30500030517578,132.75,42.880001068115234
100,2023-04-13,90.7699966430664,134.1999969,42.09299850463867
101,2023-04-14,90.2249984741211,136.0,41.14899826049805
102,2023-04-15,90.2249984741211,136.0,41.14899826049805
103,2023-04-16,90.2249984741211,136.0,41.14899826049805
104,2023-04-17,89.34500122070312,136.1499939,41.12699890136719
105,2023-04-18,91.84500122070312,136.6499939,42.72200012207031
106,2023-04-19,91.0250015258789,137.3500061,40.29800033569336
107,2023-04-20,88.31500244140625,138.5,40.56499862670898
108,2023-04-21,86.36000061035156,138.3999939,40.16400146484375
109,2023-04-22,86.36000061035156,138.3999939,40.16400146484375
110,2023-04-23,86.36000061035156,138.3999939,40.16400146484375
111,2023-04-24,85.30000305175781,138.3500061,39.92499923706055
112,2023-04-25,83.36000061035156,140.0,39.83300018310547
113,2023-04-26,82.44499969482422,140.1000061,38.55099868774414
114,2023-04-27,82.80999755859375,139.8999939,39.03900146484375
115,2023-04-28,84.25,140.3399963,38.53799819946289
116,2023-04-29,84.25,140.3399963,38.53799819946289
117,2023-04-30,84.25,140.3399963,38.53799819946289
118,2023-05-01,84.25,136.25,38.83399963378906
119,2023-05-02,85.18499755859375,134.3999939,37.52899932861328
120,2023-05-03,81.91500091552734,128.6499939,36.78200149536133
121,2023-05-04,81.5199966430664,126.6500015,35.65299987792969
122,2023-05-05,81.90499877929688,126.8499985,36.57400131225586
123,2023-05-06,81.90499877929688,126.8499985,36.57400131225586
124,2023-05-07,81.90499877929688,126.8499985,36.57400131225586
125,2023-05-08,81.90499877929688,126.8499985,36.874000549316406
126,2023-05-09,83.48999786376953,125.25,35.95000076293945
127,2023-05-10,85.97000122070312,121.5,34.99300003051758
128,2023-05-11,85.27999877929688,119.3499985,34.99300003051758
129,2023-05-12,85.36499786376953,119.1500015,32.766998291015625
130,2023-05-13,85.36499786376953,119.1500015,32.766998291015625
131,2023-05-14,85.36499786376953,119.1500015,32.766998291015625
132,2023-05-15,83.79000091552734,118.5,32.31399917602539
133,2023-05-16,85.63999938964844,117.1500015,31.82099914550781
134,2023-05-17,85.19999694824219,117.8499985,31.952999114990234
135,2023-05-18,86.8550033569336,117.5999985,29.78499984741211
136,2023-05-19,86.31999969482422,118.4000015,30.176000595092773
137,2023-05-20,86.31999969482422,118.4000015,30.176000595092773
138,2023-05-21,86.31999969482422,118.4000015,30.176000595092773
139,2023-05-22,84.69999694824219,119.0,29.711000442504883
140,2023-05-23,82.2699966430664,119.0,29.12700080871582
141,2023-05-24,81.86000061035156,118.6500015,27.78499984741211
142,2023-05-25,79.98999786376953,118.5,25.45199966430664
143,2023-05-26,79.31500244140625,119.0299988,24.520000457763672
144,2023-05-27,79.31500244140625,119.0299988,24.520000457763672
145,2023-05-28,79.31500244140625,119.0299988,24.520000457763672
146,2023-05-29,79.31500244140625,119.0299988,24.520000457763672
147,2023-05-30,77.58000183105469,93.25,24.68099975585937
148,2023-05-31,78.30000305175781,95.09999847,26.851999282836918
149,2023-06-01,76.27999877929688,93.84999847,23.10300064086914
150,2023-06-02,76.24500274658203,100.6500015,23.68899917602539
151,2023-06-03,76.24500274658203,100.6500015,23.68899917602539
152,2023-06-04,76.24500274658203,100.6500015,23.68899917602539
153,2023-06-05,79.6500015258789,110.8499985,28.47800064086914
154,2023-06-06,78.76499938964844,105.5,24.86000061035156
155,2023-06-07,80.75,109.75,26.33099937438965
156,2023-06-08,81.125,112.5,26.94499969482422
157,2023-06-09,83.7699966430664,116.1500015,32.04899978637695
158,2023-06-10,83.7699966430664,116.1500015,32.04899978637695
159,2023-06-11,83.7699966430664,116.1500015,32.04899978637695
160,2023-06-12,84.30000305175781,114.75,31.035999298095703
161,2023-06-13,87.11000061035156,116.25,36.05099868774414
162,2023-06-14,89.71499633789062,116.6500015,38.3120002746582
163,2023-06-15,90.1999969482422,116.3499985,41.14500045776367
164,2023-06-16,88.9000015258789,114.6500015,35.007999420166016
165,2023-06-17,88.9000015258789,114.6500015,35.007999420166016
166,2023-06-18,88.9000015258789,114.6500015,35.007999420166016
167,2023-06-19,88.8949966430664,114.6500015,35.007999420166016
168,2023-06-20,91.5,116.75,38.70800018310547
169,2023-06-21,87.63500213623047,116.25,36.74300003051758
170,2023-06-22,86.97000122070312,115.6500015,34.09700012207031
171,2023-06-23,84.7699966430664,115.0,32.50699996948242
172,2023-06-24,84.7699966430664,115.0,32.50699996948242
173,2023-06-25,84.7699966430664,115.0,32.50699996948242
174,2023-06-26,83.17500305175781,114.6500015,31.975000381469727
175,2023-06-27,85.68000030517578,114.6500015,34.50600051879883
176,2023-06-28,84.5250015258789,114.6500015,34.125
177,2023-06-29,84.91500091552734,114.6500015,35.18000030517578
178,2023-06-30,85.98999786376953,115.5899963,37.10300064086914
179,2023-07-01,85.98999786376953,115.5899963,37.10300064086914
180,2023-07-02,85.98999786376953,115.5899963,37.10300064086914
181,2023-07-03,84.37000274658203,121.4000015,33.92900085449219
182,2023-07-04,84.33499908447266,121.4000015,33.92900085449219
183,2023-07-05,82.8949966430664,123.3499985,34.37300109863281
184,2023-07-06,82.83499908447266,117.25,32.347999572753906
185,2023-07-07,83.06999969482422,115.6500015,33.47800064086914
186,2023-07-08,83.06999969482422,115.6500015,33.47800064086914
187,2023-07-09,83.06999969482422,115.6500015,33.47800064086914
188,2023-07-10,83.06999969482422,111.5,30.226999282836918
189,2023-07-11,83.87999725341797,105.9000015,29.06100082397461
190,2023-07-12,82.75499725341797,104.5,26.638999938964844
191,2023-07-13,82.8949966430664,103.75,26.60700035095215
192,2023-07-14,83.16000366210938,103.8499985,25.957000732421875
193,2023-07-15,83.16000366210938,103.8499985,25.957000732421875
194,2023-07-16,83.16000366210938,103.8499985,25.957000732421875
195,2023-07-17,83.71499633789062,104.1500015,25.10099983215332
196,2023-07-18,85.06999969482422,108.3499985,27.069000244140625
197,2023-07-19,85.92500305175781,108.5,26.96299934387207
198,2023-07-20,87.81999969482422,110.0,28.01799964904785
199,2023-07-21,88.40499877929688,110.5,28.16399955749512
200,2023-07-22,88.40499877929688,110.5,28.16399955749512
201,2023-07-23,88.40499877929688,110.5,28.16399955749512
202,2023-07-24,88.00499725341797,111.0,30.55699920654297
203,2023-07-25,88.95999908447266,110.8499985,32.64799880981445
204,2023-07-26,87.7699966430664,110.9000015,29.274999618530277
205,2023-07-27,87.93499755859375,110.9000015,28.43400001525879
206,2023-07-28,85.80500030517578,110.4499969,25.840999603271484
207,2023-07-29,85.80500030517578,110.4499969,25.840999603271484
208,2023-07-30,85.80500030517578,110.4499969,25.840999603271484
209,2023-07-31,83.84500122070312,106.0,28.36599922180176
210,2023-08-01,81.69499969482422,103.8499985,27.12299919128418
211,2023-08-02,80.75,105.1500015,28.742000579833984
212,2023-08-03,81.875,108.1500015,30.472999572753903
213,2023-08-04,80.95500183105469,108.0999985,28.85300064086914
214,2023-08-05,80.95500183105469,108.0999985,28.85300064086914
215,2023-08-06,80.95500183105469,108.0999985,28.85300064086914
216,2023-08-07,80.3949966430664,112.25,30.48699951171875
217,2023-08-08,81.73999786376953,115.0,31.06599998474121
218,2023-08-09,81.26499938964844,115.9000015,39.823001861572266
219,2023-08-10,82.12999725341797,115.3499985,37.055999755859375
220,2023-08-11,84.13500213623047,115.8499985,35.29999923706055
221,2023-08-12,84.13500213623047,115.8499985,35.29999923706055
222,2023-08-13,84.13500213623047,115.8499985,35.29999923706055
223,2023-08-14,85.31500244140625,115.0500031,34.43399810791016
224,2023-08-15,84.25499725341797,115.8499985,38.8129997253418
225,2023-08-16,85.5199966430664,115.0,37.78400039672852
226,2023-08-17,86.13500213623047,116.0,36.82500076293945
227,2023-08-18,85.38500213623047,116.1500015,36.40999984741211
228,2023-08-19,85.38500213623047,116.1500015,36.40999984741211
229,2023-08-20,85.38500213623047,116.1500015,36.40999984741211
230,2023-08-21,85.2249984741211,118.8499985,40.78200149536133
231,2023-08-22,87.22000122070312,118.75,42.90800094604492
232,2023-08-23,85.44499969482422,118.1500015,36.7859992980957
233,2023-08-24,82.71499633789062,118.0999985,31.9379997253418
234,2023-08-25,82.26000213623047,117.6600037,34.777000427246094
235,2023-08-26,82.26000213623047,117.6600037,34.777000427246094
236,2023-08-27,82.26000213623047,117.6600037,34.777000427246094
237,2023-08-28,82.26000213623047,122.5,38.41400146484375
238,2023-08-29,82.375,122.9499969,35.19499969482422
239,2023-08-30,83.41000366210938,122.25,35.992000579833984
240,2023-08-31,83.38999938964844,118.75,35.02899932861328
241,2023-09-01,82.80000305175781,116.6500015,35.617000579833984
242,2023-09-02,82.80000305175781,116.6500015,35.617000579833984
243,2023-09-03,82.80000305175781,116.6500015,35.617000579833984
244,2023-09-04,81.5999984741211,116.6500015,35.617000579833984
245,2023-09-05,81.4000015258789,119.0,34.44900131225586
246,2023-09-06,81.3949966430664,116.1500015,31.075000762939453
247,2023-09-07,80.7750015258789,116.25,32.755001068115234
248,2023-09-08,79.3550033569336,116.1500015,34.507999420166016
249,2023-09-09,79.3550033569336,116.1500015,34.507999420166016
250,2023-09-10,79.3550033569336,116.1500015,34.507999420166016
251,2023-09-11,79.45500183105469,117.75,35.847999572753906
252,2023-09-12,78.70999908447266,118.3499985,34.70100021362305
253,2023-09-13,80.7300033569336,119.5999985,36.81700134277344
254,2023-09-14,80.7750015258789,120.5999985,35.520999908447266
255,2023-09-15,79.70500183105469,120.8499985,36.483001708984375
256,2023-09-16,79.70500183105469,120.8499985,36.483001708984375
257,2023-09-17,79.70500183105469,120.8499985,36.483001708984375
258,2023-09-18,78.5250015258789,121.5,34.474998474121094
259,2023-09-19,79.0199966430664,122.5,36.78200149536133
260,2023-09-20,80.45500183105469,122.5,37.28400039672852
261,2023-09-21,82.07499694824219,121.6500015,39.10499954223633
262,2023-09-22,83.2750015258789,122.1500015,39.79100036621094
263,2023-09-23,83.2750015258789,122.1500015,39.79100036621094
264,2023-09-24,83.2750015258789,122.1500015,39.79100036621094
265,2023-09-25,82.7750015258789,123.0,44.44200134277344
266,2023-09-26,80.50499725341797,123.0,40.321998596191406
267,2023-09-27,80.08499908447266,122.6500015,39.29600143432617
268,2023-09-28,80.55999755859375,122.6500015,39.73600006103516
269,2023-09-29,79.30500030517578,123.3199997,41.85900115966797
270,2023-09-30,79.30500030517578,123.3199997,41.85900115966797
271,2023-10-01,79.30500030517578,123.3199997,41.85900115966797
272,2023-10-02,78.80500030517578,124.0,39.334999084472656
273,2023-10-03,77.70999908447266,121.3499985,36.98699951171875
274,2023-10-04,79.7249984741211,119.3000031,38.44100189208984
275,2023-10-05,78.5999984741211,120.0500031,36.20700073242188
276,2023-10-06,78.43000030517578,122.8000031,38.23099899291992
277,2023-10-07,78.43000030517578,122.8000031,38.23099899291992
278,2023-10-08,78.43000030517578,122.8000031,38.23099899291992
279,2023-10-09,79.63999938964844,126.1500015,43.95299911499024
280,2023-10-10,82.81999969482422,130.25,49.45500183105469
281,2023-10-11,81.69999694824219,130.0,46.06800079345703
282,2023-10-12,83.2750015258789,134.25,53.00199890136719
283,2023-10-13,83.48999786376953,139.1000061,53.98199844360352
284,2023-10-14,83.48999786376953,139.1000061,53.98199844360352
285,2023-10-15,83.48999786376953,139.1000061,53.98199844360352
286,2023-10-16,82.15499877929688,138.8500061,48.46699905395508
287,2023-10-17,80.44000244140625,138.75,48.89599990844727
288,2023-10-18,79.93499755859375,138.25,50.83300018310547
289,2023-10-19,79.6500015258789,137.3999939,50.172000885009766
290,2023-10-20,79.66500091552734,138.0,51.11199951171875
291,2023-10-21,79.66500091552734,138.0,51.11199951171875
292,2023-10-22,79.66500091552734,138.0,51.11199951171875
293,2023-10-23,78.62999725341797,137.0,51.2760009765625
294,2023-10-24,78.72000122070312,135.25,49.26399993896485
295,2023-10-25,78.20500183105469,136.0,49.92399978637695
296,2023-10-26,77.5,135.6000061,50.80899810791016
297,2023-10-27,77.55000305175781,136.0800018,50.53200149536133
298,2023-10-28,77.55000305175781,136.0800018,50.53200149536133
299,2023-10-29,77.55000305175781,136.0800018,50.53200149536133
300,2023-10-30,76.91500091552734,128.1999969,50.547000885009766
301,2023-10-31,77.19000244140625,123.1500015,48.00600051879883
302,2023-11-01,76.69499969482422,122.5,47.75699996948242
303,2023-11-02,77.18000030517578,124.0,48.56399917602539
304,2023-11-03,75.66999816894531,124.5,48.05699920654297
305,2023-11-04,75.66999816894531,124.5,48.05699920654297
306,2023-11-05,75.66999816894531,124.5,48.05699920654297
307,2023-11-06,74.25,120.75,44.83200073242188
308,2023-11-07,73.7300033569336,121.0,46.05699920654297
309,2023-11-08,73.88500213623047,124.6999969,45.777000427246094
310,2023-11-09,75.87999725341797,126.6500015,48.12900161743164
311,2023-11-10,76.86000061035156,124.6500015,46.63199996948242
312,2023-11-11,76.86000061035156,124.6500015,46.63199996948242
313,2023-11-12,76.86000061035156,124.6500015,46.63199996948242
314,2023-11-13,75.52999877929688,124.5,47.87300109863281
315,2023-11-14,76.86000061035156,123.75,47.608001708984375
316,2023-11-15,78.06500244140625,123.1500015,47.0369987487793
317,2023-11-16,75.3550033569336,122.5,45.8489990234375
318,2023-11-17,74.66999816894531,121.75,45.06399917602539
319,2023-11-18,74.66999816894531,121.75,45.06399917602539
320,2023-11-19,74.66999816894531,121.75,45.06399917602539
321,2023-11-20,75.0999984741211,121.75,45.82099914550781
322,2023-11-21,74.0199966430664,122.4000015,44.06499862670898
323,2023-11-22,73.49500274658203,122.75,44.61600112915039
324,2023-11-23,75.11499786376953,122.75,46.58000183105469
325,2023-11-24,75.02999877929688,123.5500031,46.65700149536133
326,2023-11-25,75.02999877929688,123.5500031,46.65700149536133
327,2023-11-26,75.02999877929688,123.5500031,46.65700149536133
328,2023-11-27,71.48999786376953,116.75,43.98400115966797
329,2023-11-28,71.4000015258789,114.3499985,42.77399826049805
330,2023-11-29,69.45500183105469,114.6999969,40.36000061035156
331,2023-11-30,69.45999908447266,118.4499969,42.09099960327149
332,2023-12-01,71.13999938964844,119.8000031,43.49599838256836
333,2023-12-02,71.13999938964844,119.8000031,43.49599838256836
334,2023-12-03,71.13999938964844,119.8000031,43.49599838256836
335,2023-12-04,69.08999633789062,119.0,40.104000091552734
336,2023-12-05,67.30000305175781,118.0,38.132999420166016
337,2023-12-06,67.82499694824219,120.4000015,39.3129997253418
338,2023-12-07,68.33999633789062,122.0,39.96799850463867
339,2023-12-08,67.4000015258789,122.75,38.59799957275391
340,2023-12-09,67.4000015258789,122.75,38.59799957275391
341,2023-12-10,67.4000015258789,122.75,38.59799957275391
342,2023-12-11,66.1500015258789,121.3000031,36.11800003051758
343,2023-12-12,66.8499984741211,117.6500015,34.702999114990234
344,2023-12-13,67.55500030517578,117.9000015,35.8120002746582
345,2023-12-14,65.33000183105469,118.0,34.849998474121094
346,2023-12-15,65.76000213623047,117.0,33.18899917602539
347,2023-12-16,65.76000213623047,117.0,33.18899917602539
348,2023-12-17,65.76000213623047,117.0,33.18899917602539
349,2023-12-18,67.80000305175781,116.8499985,35.52199935913086
350,2023-12-19,67.82499694824219,116.75,32.56800079345703
351,2023-12-20,71.21499633789062,116.25,33.520999908447266
352,2023-12-21,73.53500366210938,116.0,34.202999114990234
353,2023-12-22,74.57499694824219,115.8499985,34.17399978637695
354,2023-12-23,74.57499694824219,115.8499985,34.17399978637695
355,2023-12-24,74.57499694824219,115.8499985,34.17399978637695
356,2023-12-25,74.57499694824219,115.8499985,34.17399978637695
357,2023-12-26,74.57499694824219,115.8499985,34.17399978637695
358,2023-12-27,74.98999786376953,117.5,35.51300048828125
359,2023-12-28,75.74500274658203,117.25,33.10499954223633
360,2023-12-29,76.5999984741211,117.5500031,32.349998474121094
361,2023-12-30,76.5999984741211,117.5500031,32.349998474121094
362,2023-12-31,76.5999984741211,117.5500031,32.349998474121094
363,2024-01-01,76.5999984741211,117.5500031,32.349998474121094
364,2024-01-02,71.8949966430664,106.1500015,30.57200050354004
365,2024-01-03,73.31999969482422,109.25,32.79499816894531
366,2024-01-04,71.3550033569336,112.4000015,33.40999984741211
367,2024-01-05,72.1449966430664,115.25,34.55099868774414
368,2024-01-06,72.1449966430664,115.25,34.55099868774414
369,2024-01-07,72.1449966430664,115.25,34.55099868774414
370,2024-01-08,68.19999694824219,113.1999969,31.57999992370605
371,2024-01-09,68.25499725341797,111.1500015,30.641000747680664
372,2024-01-10,65.95999908447266,109.0,30.941999435424805
373,2024-01-11,64.24500274658203,107.25,30.816999435424805
374,2024-01-12,62.095001220703125,108.5500031,31.99099922180176
375,2024-01-13,62.095001220703125,108.5500031,31.99099922180176
376,2024-01-14,62.095001220703125,108.5500031,31.99099922180176
377,2024-01-15,63.43999862670898,108.5500031,31.99099922180176
378,2024-01-16,61.92499923706055,108.0,29.6560001373291
379,2024-01-17,59.83000183105469,107.0,27.70800018310547
380,2024-01-18,59.93000030517578,106.9000015,27.89299964904785
381,2024-01-19,59.95000076293945,106.25,28.429000854492188
382,2024-01-20,59.95000076293945,106.25,28.429000854492188
383,2024-01-21,59.95000076293945,106.25,28.429000854492188
384,2024-01-22,59.34000015258789,105.5500031,27.263999938964844
385,2024-01-23,59.584999084472656,105.5,27.226999282836918
386,2024-01-24,62.1150016784668,105.9000015,28.929000854492188
387,2024-01-25,59.76499938964844,105.6999969,27.78400039672852
388,2024-01-26,59.97999954223633,106.0699997,28.07900047302246
389,2024-01-27,59.97999954223633,106.0699997,28.07900047302246
390,2024-01-28,59.97999954223633,106.0699997,28.07900047302246
391,2024-01-29,58.53499984741211,94.40000153,28.173999786376957
392,2024-01-30,60.45500183105469,96.0,29.391000747680664
393,2024-01-31,60.88999938964844,99.55000305,30.23500061035156
394,2024-02-01,59.0099983215332,97.44999695,28.99099922180176
395,2024-02-02,60.1349983215332,98.5,29.304000854492188
396,2024-02-03,60.1349983215332,98.5,29.304000854492188
397,2024-02-04,60.1349983215332,98.5,29.304000854492188
398,2024-02-05,60.869998931884766,98.19999695,28.340999603271484
399,2024-02-06,60.36000061035156,98.5,28.60700035095215
400,2024-02-07,59.19499969482422,98.5,28.18600082397461
401,2024-02-08,57.525001525878906,97.40000153,27.812000274658203
402,2024-02-09,55.64500045776367,96.0,27.117000579833984
403,2024-02-10,55.64500045776367,96.0,27.117000579833984
404,2024-02-11,55.64500045776367,96.0,27.117000579833984
405,2024-02-12,53.85499954223633,94.40000153,25.72900009155273
406,2024-02-13,53.32500076293945,94.0,25.43600082397461
407,2024-02-14,53.57500076293945,94.15000153,24.85700035095215
408,2024-02-15,55.18999862670898,94.5,24.965999603271484
409,2024-02-16,54.10499954223633,94.5,24.82200050354004
410,2024-02-17,54.10499954223633,94.5,24.82200050354004
411,2024-02-18,54.10499954223633,94.5,24.82200050354004
412,2024-02-19,50.64500045776367,94.5,24.82200050354004
413,2024-02-20,51.39500045776367,94.75,24.167999267578125
414,2024-02-21,52.09999847412109,95.15000153,23.976999282836918
415,2024-02-22,49.915000915527344,95.65000153,23.19300079345703
416,2024-02-23,49.665000915527344,95.76999664,22.93400001525879
417,2024-02-24,49.665000915527344,95.76999664,22.93400001525879
418,2024-02-25,49.665000915527344,95.76999664,22.93400001525879
419,2024-02-26,51.040000915527344,98.69999695,24.00900077819824
420,2024-02-27,52.994998931884766,100.9000015,24.392000198364254
421,2024-02-28,54.97999954223633,103.6500015,25.61899948120117
422,2024-02-29,53.08000183105469,103.8499985,24.864999771118164
423,2024-03-01,53.65499877929688,107.0,25.80900001525879
424,2024-03-02,53.65499877929688,107.0,25.80900001525879
425,2024-03-03,53.65499877929688,107.0,25.80900001525879
426,2024-03-04,54.185001373291016,111.0,26.88500022888184
427,2024-03-05,57.130001068115234,112.5,27.468000411987305
428,2024-03-06,56.525001525878906,112.1500015,26.57200050354004
429,2024-03-07,56.3650016784668,110.75,25.992000579833984
430,2024-03-08,55.48500061035156,111.1500015,26.392000198364254
431,2024-03-09,55.48500061035156,111.1500015,26.392000198364254
432,2024-03-10,55.48500061035156,111.1500015,26.392000198364254
433,2024-03-11,53.290000915527344,109.0,24.93000030517578
434,2024-03-12,53.720001220703125,109.25,24.774999618530277
435,2024-03-13,53.06999969482422,109.5,24.902999877929688
436,2024-03-14,55.310001373291016,111.1500015,26.048999786376957
437,2024-03-15,57.0,112.3499985,27.025999069213867
438,2024-03-16,57.0,112.3499985,27.025999069213867
439,2024-03-17,57.0,112.3499985,27.025999069213867
440,2024-03-18,58.15499877929688,112.4000015,28.82200050354004
441,2024-03-19,58.119998931884766,112.6500015,28.86599922180176
442,2024-03-20,57.65499877929688,112.25,27.742000579833984
443,2024-03-21,56.3650016784668,112.4000015,26.402000427246094
444,2024-03-22,58.5,113.0,27.775999069213867
445,2024-03-23,58.5,113.0,27.775999069213867
446,2024-03-24,58.5,113.0,27.775999069213867
447,2024-03-25,61.915000915527344,113.75,28.48900032043457
448,2024-03-26,60.5,113.9000015,27.131999969482425
449,2024-03-27,59.31999969482422,114.0500031,27.687000274658203
450,2024-03-28,58.994998931884766,114.4400024,27.34000015258789
451,2024-03-29,58.994998931884766,114.4400024,27.34000015258789
452,2024-03-30,58.994998931884766,114.4400024,27.34000015258789
453,2024-03-31,58.994998931884766,114.4400024,27.34000015258789
454,2024-04-01,58.994998931884766,119.75,27.34000015258789
455,2024-04-02,56.28499984741211,121.6500015,26.202999114990234
456,2024-04-03,57.625,118.9000015,25.5629997253418
457,2024-04-04,55.77000045776367,116.25,26.20599937438965
458,2024-04-05,57.78499984741211,117.9499969,26.606000900268555
459,2024-04-06,57.78499984741211,117.9499969,26.606000900268555
460,2024-04-07,57.78499984741211,117.9499969,26.606000900268555
461,2024-04-08,60.505001068115234,118.0,27.90800094604492
462,2024-04-09,60.89500045776367,117.9000015,27.35099983215332
463,2024-04-10,59.915000915527344,118.25,27.100000381469727
464,2024-04-11,65.2249984741211,120.75,29.37700080871582
465,2024-04-12,68.20999908447266,122.0,30.73200035095215
466,2024-04-13,68.20999908447266,122.0,30.73200035095215
467,2024-04-14,68.20999908447266,122.0,30.73200035095215
468,2024-04-15,67.4749984741211,120.6999969,31.14299964904785
469,2024-04-16,70.67500305175781,121.6500015,33.138999938964844
470,2024-04-17,66.88999938964844,120.1500015,31.28899955749512
471,2024-04-18,68.43000030517578,120.4000015,32.30899810791016
472,2024-04-19,65.23999786376953,119.9000015,30.757999420166016
473,2024-04-20,65.23999786376953,119.9000015,30.757999420166016
474,2024-04-21,65.23999786376953,119.9000015,30.757999420166016
475,2024-04-22,63.25,119.1500015,29.309999465942383
476,2024-04-23,63.14500045776367,119.0,28.41699981689453
477,2024-04-24,63.70500183105469,118.3499985,29.01799964904785
478,2024-04-25,65.25,118.6500015,29.770999908447266
479,2024-04-26,64.05500030517578,118.7799988,28.88599967956543
480,2024-04-27,64.05500030517578,118.7799988,28.88599967956543
481,2024-04-28,64.05500030517578,118.7799988,28.88599967956543
482,2024-04-29,62.80500030517578,101.3499985,27.99399948120117
483,2024-04-30,65.72000122070312,103.1500015,29.118000030517575
484,2024-05-01,64.54499816894531,105.5,28.729999542236328
485,2024-05-02,69.51499938964844,107.75,30.913000106811523
486,2024-05-03,68.3949966430664,107.0,30.527999877929688
487,2024-05-04,68.3949966430664,107.0,30.527999877929688
488,2024-05-05,68.3949966430664,107.0,30.527999877929688
489,2024-05-06,68.3949966430664,107.0,31.801000595092773
490,2024-05-07,67.63500213623047,108.75,31.066999435424805
491,2024-05-08,68.65499877929688,106.3000031,30.608999252319336
492,2024-05-09,70.21499633789062,107.25,30.864999771118164
493,2024-05-10,68.2300033569336,106.9000015,30.02899932861328
494,2024-05-11,68.2300033569336,106.9000015,30.02899932861328
495,2024-05-12,68.2300033569336,106.9000015,30.02899932861328
496,2024-05-13,66.82499694824219,105.75,29.577999114990234
497,2024-05-14,67.19499969482422,105.25,29.66900062561035
498,2024-05-15,66.45999908447266,105.5,29.733999252319336
499,2024-05-16,67.08000183105469,106.4000015,30.24799919128418
500,2024-05-17,67.22000122070312,105.0,30.768999099731445
501,2024-05-18,67.22000122070312,105.0,30.768999099731445
502,2024-05-19,67.22000122070312,105.0,30.768999099731445
503,2024-05-20,70.86000061035156,106.25,31.76799964904785
504,2024-05-21,72.79499816894531,106.5,33.00400161743164
505,2024-05-22,72.91500091552734,105.25,34.388999938964844
506,2024-05-23,72.5999984741211,105.6500015,35.22800064086914
507,2024-05-24,72.26499938964844,105.4000015,34.1150016784668
508,2024-05-25,72.26499938964844,105.4000015,34.1150016784668
509,2024-05-26,72.26499938964844,105.4000015,34.1150016784668
510,2024-05-27,72.26499938964844,105.4000015,34.1150016784668
511,2024-05-28,71.56999969482422,105.5,33.53400039672852
512,2024-05-29,70.83499908447266,105.5,33.87900161743164
513,2024-05-30,72.125,105.5,35.19200134277344
514,2024-05-31,70.69499969482422,106.0400009,34.222999572753906
515,2024-06-01,70.69499969482422,106.0400009,34.222999572753906
516,2024-06-02,70.69499969482422,106.0400009,34.222999572753906
517,2024-06-03,70.93000030517578,118.9499969,36.013999938964844
518,2024-06-04,69.69499969482422,116.5,33.797000885009766
519,2024-06-05,68.87000274658203,111.4000015,33.35499954223633
520,2024-06-06,68.70999908447266,109.6500015,33.68600082397461
521,2024-06-07,68.58000183105469,108.6500015,33.10900115966797
522,2024-06-08,68.58000183105469,108.6500015,33.10900115966797
523,2024-06-09,68.58000183105469,108.6500015,33.10900115966797
524,2024-06-10,68.08499908447266,109.5500031,34.257999420166016
525,2024-06-11,67.44000244140625,108.8000031,34.28499984741211
526,2024-06-12,68.0199966430664,109.6500015,35.29399871826172
527,2024-06-13,68.11499786376953,110.3000031,35.7239990234375
528,2024-06-14,65.73500061035156,109.8000031,35.36000061035156
529,2024-06-15,65.73500061035156,109.8000031,35.36000061035156
530,2024-06-16,65.73500061035156,109.8000031,35.36000061035156
531,2024-06-17,65.33999633789062,109.0,34.209999084472656
532,2024-06-18,65.38500213623047,109.1500015,34.70000076293945
533,2024-06-19,67.22000122070312,109.1500015,34.70000076293945
534,2024-06-20,66.23500061035156,110.6500015,34.4640007019043
535,2024-06-21,65.2699966430664,109.4000015,33.93600082397461
536,2024-06-22,65.2699966430664,109.4000015,33.93600082397461
537,2024-06-23,65.2699966430664,109.4000015,33.93600082397461
538,2024-06-24,64.51499938964844,109.0,34.08000183105469
539,2024-06-25,65.06500244140625,108.9000015,34.85300064086914
540,2024-06-26,64.55500030517578,108.6500015,33.82400131225586
541,2024-06-27,64.05999755859375,108.5,34.564998626708984
542,2024-06-28,64.56500244140625,109.6600037,34.47999954223633
543,2024-06-29,64.56500244140625,109.6600037,34.47999954223633
544,2024-06-30,64.56500244140625,109.6600037,34.47999954223633
545,2024-07-01,65.18499755859375,103.6999969,33.48500061035156
546,2024-07-02,67.75499725341797,103.25,33.685001373291016
547,2024-07-03,67.68000030517578,103.5999985,32.691001892089844
548,2024-07-04,67.3499984741211,103.5999985,32.691001892089844
549,2024-07-05,67.15499877929688,104.4499969,33.06700134277344
550,2024-07-06,67.15499877929688,104.4499969,33.06700134277344
551,2024-07-07,67.15499877929688,104.4499969,33.06700134277344
552,2024-07-08,66.07499694824219,104.5,32.2859992980957
553,2024-07-09,65.6449966430664,102.8499985,31.334999084472656
554,2024-07-10,65.55999755859375,101.5,30.78400039672852
555,2024-07-11,65.6050033569336,102.1500015,31.11199951171875
556,2024-07-12,66.6500015258789,103.75,31.7189998626709
557,2024-07-13,66.6500015258789,103.75,31.7189998626709
558,2024-07-14,66.6500015258789,103.75,31.7189998626709
559,2024-07-15,64.86499786376953,106.0999985,31.371000289916992
560,2024-07-16,64.80000305175781,106.5,32.797000885009766
561,2024-07-17,64.0999984741211,104.4000015,31.89299964904785
562,2024-07-18,63.790000915527344,105.1500015,32.67399978637695
563,2024-07-19,63.61000061035156,105.1500015,32.16999816894531
564,2024-07-20,63.61000061035156,105.1500015,32.16999816894531
565,2024-07-21,63.61000061035156,105.1500015,32.16999816894531
566,2024-07-22,62.10499954223633,105.0,31.839000701904297
567,2024-07-23,63.01499938964844,105.25,31.621999740600582
568,2024-07-24,66.13999938964844,106.1500015,32.62099838256836
569,2024-07-25,64.2249984741211,106.25,31.77899932861328
570,2024-07-26,65.22000122070312,106.3700027,32.474998474121094
571,2024-07-27,65.22000122070312,106.3700027,32.474998474121094
572,2024-07-28,65.22000122070312,106.3700027,32.474998474121094
573,2024-07-29,65.94999694824219,115.4499969,33.87300109863281
574,2024-07-30,65.69999694824219,116.4000015,34.36100006103516
575,2024-07-31,66.66999816894531,116.6500015,35.86800003051758
576,2024-08-01,68.375,120.5999985,36.96900177001953
577,2024-08-02,67.65499877929688,121.4000015,36.64899826049805
578,2024-08-03,67.65499877929688,121.4000015,36.64899826049805
579,2024-08-04,67.65499877929688,121.4000015,36.64899826049805
580,2024-08-05,66.18499755859375,119.5500031,35.49800109863281
581,2024-08-06,67.30500030517578,120.8499985,36.67599868774414
582,2024-08-07,68.4000015258789,121.1500015,38.45100021362305
583,2024-08-08,68.30000305175781,121.5,40.095001220703125
584,2024-08-09,67.45500183105469,122.0,40.39599990844727
585,2024-08-10,67.45500183105469,122.0,40.39599990844727
586,2024-08-11,67.45500183105469,122.0,40.39599990844727
587,2024-08-12,69.84500122070312,122.9000015,39.65800094604492
588,2024-08-13,68.83499908447266,120.75,39.47999954223633
589,2024-08-14,69.00499725341797,121.9000015,38.96699905395508
590,2024-08-15,69.11000061035156,122.5,39.60100173950195
591,2024-08-16,69.76499938964844,122.4000015,39.64400100708008
592,2024-08-17,69.76499938964844,122.4000015,39.64400100708008
593,2024-08-18,69.76499938964844,122.4000015,39.64400100708008
594,2024-08-19,70.2750015258789,122.4000015,39.845001220703125
595,2024-08-20,70.3949966430664,121.5,37.95700073242188
596,2024-08-21,69.81500244140625,120.25,37.0099983215332
597,2024-08-22,69.01499938964844,120.8499985,36.58700180053711
598,2024-08-23,68.83499908447266,121.1500015,36.86299896240234
599,2024-08-24,68.83499908447266,121.1500015,36.86299896240234
600,2024-08-25,68.83499908447266,121.1500015,36.86299896240234
601,2024-08-26,68.83499908447266,121.1500015,37.65599822998047
602,2024-08-27,69.05999755859375,121.0,38.68899917602539
603,2024-08-28,68.34500122070312,121.4000015,38.52000045776367
604,2024-08-29,68.6500015258789,121.4000015,38.60100173950195
605,2024-08-30,67.51499938964844,121.6800003,39.823001861572266
606,2024-08-31,67.51499938964844,121.6800003,39.823001861572266
607,2024-09-01,67.51499938964844,121.6800003,39.823001861572266
608,2024-09-02,68.11000061035156,121.6800003,39.823001861572266
609,2024-09-03,65.90499877929688,116.0500031,37.19300079345703
610,2024-09-04,64.8550033569336,114.6500015,35.79800033569336
611,2024-09-05,64.13999938964844,114.3000031,36.19499969482422
612,2024-09-06,64.18499755859375,114.6500015,36.479000091552734
613,2024-09-07,64.18499755859375,114.6500015,36.479000091552734
614,2024-09-08,64.18499755859375,114.6500015,36.479000091552734
615,2024-09-09,64.2249984741211,114.5999985,37.33300018310547
616,2024-09-10,63.52000045776367,113.8000031,35.28200149536133
617,2024-09-11,64.04000091552734,113.9000015,36.141998291015625
618,2024-09-12,63.18999862670898,113.1500015,35.191001892089844
619,2024-09-13,62.52999877929688,114.0,35.64799880981445
620,2024-09-14,62.52999877929688,114.0,35.64799880981445
621,2024-09-15,62.52999877929688,114.0,35.64799880981445
622,2024-09-16,61.7599983215332,112.8000031,34.08100128173828
623,2024-09-17,62.540000915527344,114.1500015,35.547000885009766
624,2024-09-18,61.625,114.0,35.244998931884766
625,2024-09-19,60.73500061035156,113.75,33.08300018310547
626,2024-09-20,61.47499847412109,113.9000015,34.444000244140625
627,2024-09-21,61.47499847412109,113.9000015,34.444000244140625
628,2024-09-22,61.47499847412109,113.9000015,34.444000244140625
629,2024-09-23,61.82500076293945,114.6500015,36.21099853515625
630,2024-09-24,61.79999923706055,114.25,35.41299819946289
631,2024-09-25,63.150001525878906,114.9499969,37.31900024414063
632,2024-09-26,63.0,114.8499985,37.88999938964844
633,2024-09-27,63.97999954223633,114.8099976,38.11399841308594
634,2024-09-28,63.97999954223633,114.8099976,38.11399841308594
635,2024-09-29,63.97999954223633,114.8099976,38.11399841308594
636,2024-09-30,63.26499938964844,118.75,39.04399871826172
637,2024-10-01,61.82500076293945,117.9000015,39.27299880981445
638,2024-10-02,61.06499862670898,116.0,38.617000579833984
639,2024-10-03,60.4900016784668,117.5500031,39.9119987487793
640,2024-10-04,60.13999938964844,121.9499969,40.97999954223633
641,2024-10-05,60.13999938964844,121.9499969,40.97999954223633
642,2024-10-06,60.13999938964844,121.9499969,40.97999954223633
643,2024-10-07,60.04499816894531,121.9000015,40.24399948120117
644,2024-10-08,58.59999847412109,119.5,38.91899871826172
645,2024-10-09,60.61000061035156,118.8499985,38.34099960327149
646,2024-10-10,62.845001220703125,120.5500031,40.292999267578125
647,2024-10-11,62.48500061035156,119.8499985,39.87900161743164
648,2024-10-12,62.48500061035156,119.8499985,39.87900161743164
649,2024-10-13,62.48500061035156,119.8499985,39.87900161743164
650,2024-10-14,63.70000076293945,120.75,40.55899810791016
651,2024-10-15,62.7599983215332,119.3000031,39.97299957275391
652,2024-10-16,61.47999954223633,118.1500015,39.24100112915039
653,2024-10-17,61.34999847412109,118.5,39.650001525878906
654,2024-10-18,60.45500183105469,118.5,39.20399856567383
655,2024-10-19,60.45500183105469,118.5,39.20399856567383
656,2024-10-20,60.45500183105469,118.5,39.20399856567383
657,2024-10-21,59.86000061035156,118.5999985,40.02399826049805
658,2024-10-22,60.709999084472656,118.5999985,40.70399856567383
659,2024-10-23,62.72499847412109,119.0999985,41.380001068115234
660,2024-10-24,64.69999694824219,119.25,42.15399932861328
661,2024-10-25,64.80000305175781,119.5899963,43.51300048828125
662,2024-10-26,64.80000305175781,119.5899963,43.51300048828125
663,2024-10-27,64.80000305175781,119.5899963,43.51300048828125
664,2024-10-28,64.30999755859375,119.8000031,42.51900100708008
665,2024-10-29,67.18000030517578,121.4499969,42.86899948120117
666,2024-10-30,63.755001068115234,120.5,40.90299987792969
667,2024-10-31,62.584999084472656,119.5,40.5880012512207
668,2024-11-01,62.05500030517578,118.3000031,39.17499923706055
669,2024-11-02,62.05500030517578,118.3000031,39.17499923706055
670,2024-11-03,62.05500030517578,118.3000031,39.17499923706055
671,2024-11-04,63.21500015258789,119.25,40.30099868774414
672,2024-11-05,62.29499816894531,117.9499969,40.492000579833984
673,2024-11-06,61.915000915527344,118.0,40.38800048828125
674,2024-11-07,63.775001525878906,119.0,41.2760009765625
675,2024-11-08,65.86499786376953,119.8000031,42.40900039672852
676,2024-11-09,65.86499786376953,119.8000031,42.40900039672852
677,2024-11-10,65.86499786376953,119.8000031,42.40900039672852
678,2024-11-11,65.80000305175781,120.6999969,43.72800064086914
679,2024-11-12,65.3499984741211,120.5,44.255001068115234
680,2024-11-13,64.33999633789062,120.4499969,43.66600036621094
681,2024-11-14,66.2300033569336,121.4000015,46.2239990234375
682,2024-11-15,65.69000244140625,122.0,46.55099868774414
683,2024-11-16,65.69000244140625,122.0,46.55099868774414
684,2024-11-17,65.69000244140625,122.0,46.55099868774414
685,2024-11-18,67.34500122070312,122.6500015,46.900001525878906
686,2024-11-19,66.58499908447266,122.4000015,45.667999267578125
687,2024-11-20,66.62000274658203,122.5,46.79600143432617
688,2024-11-21,67.83499908447266,122.75,48.303001403808594
689,2024-11-22,67.1449966430664,122.1500015,47.01800155639648
690,2024-11-23,67.1449966430664,122.1500015,47.01800155639648
691,2024-11-24,67.1449966430664,122.1500015,47.01800155639648
692,2024-11-25,67.9000015258789,122.0,47.733001708984375
693,2024-11-26,67.26000213623047,121.6500015,47.21599960327149
694,2024-11-27,66.36499786376953,121.6500015,46.762001037597656
695,2024-11-28,65.94999694824219,121.6500015,46.762001037597656
696,2024-11-29,66.54499816894531,121.9499969,47.81100082397461
697,2024-11-30,66.54499816894531,121.9499969,47.81100082397461
698,2024-12-01,66.54499816894531,121.9499969,47.81100082397461
699,2024-12-02,66.82499694824219,117.9000015,48.65499877929688
700,2024-12-03,66.55999755859375,116.4000015,48.55699920654297
701,2024-12-04,66.04000091552734,115.1999969,47.04600143432617
702,2024-12-05,65.37999725341797,114.4000015,46.55099868774414
703,2024-12-06,66.55000305175781,113.9499969,46.47999954223633
704,2024-12-07,66.55000305175781,113.9499969,46.47999954223633
705,2024-12-08,66.55000305175781,113.9499969,46.47999954223633
706,2024-12-09,64.4749984741211,113.8499985,44.85499954223633
707,2024-12-10,66.3550033569336,114.0,45.55199813842773
708,2024-12-11,66.91500091552734,113.9000015,44.69400024414063
709,2024-12-12,64.3550033569336,112.75,42.80400085449219
710,2024-12-13,62.900001525878906,112.6500015,41.21500015258789
711,2024-12-14,62.900001525878906,112.6500015,41.21500015258789
712,2024-12-15,62.900001525878906,112.6500015,41.21500015258789
713,2024-12-16,61.48500061035156,111.25,40.277000427246094
714,2024-12-17,60.77000045776367,111.9000015,42.06499862670898
715,2024-12-18,61.21500015258789,111.3499985,41.00699996948242
716,2024-12-19,64.0199966430664,111.5,43.07799911499024
717,2024-12-20,64.125,111.6999969,44.130001068115234
718,2024-12-21,64.125,111.6999969,44.130001068115234
719,2024-12-22,64.125,111.6999969,44.130001068115234
720,2024-12-23,65.49500274658203,112.25,45.54499816894531
721,2024-12-24,65.62000274658203,112.0,45.73099899291992
722,2024-12-25,65.62000274658203,112.0,45.73099899291992
723,2024-12-26,65.62000274658203,112.0,45.73099899291992
724,2024-12-27,67.5199966430664,112.2900009,47.73099899291992
725,2024-12-28,67.5199966430664,112.2900009,47.73099899291992
726,2024-12-29,67.5199966430664,112.2900009,47.73099899291992
727,2024-12-30,67.65499877929688,112.6500015,47.632999420166016
728,2024-12-31,68.61000061035156,114.5,48.88899993896485
729,2025-01-01,68.61000061035156,114.5,48.88899993896485
730,2025-01-02,70.94000244140625,114.5,50.27299880981445
731,2025-01-03,71.76000213623047,113.1999969,49.62200164794922
732,2025-01-04,71.76000213623047,113.1999969,49.62200164794922
733,2025-01-05,71.76000213623047,113.1999969,49.62200164794922
734,2025-01-06,70.23500061035156,109.6999969,47.32600021362305
735,2025-01-07,70.125,110.5500031,47.4739990234375
736,2025-01-08,68.1500015258789,108.0,45.55899810791016
737,2025-01-09,69.47000122070312,106.0,44.98699951171875
738,2025-01-10,70.84500122070312,105.3499985,45.007999420166016
739,2025-01-11,70.84500122070312,105.3499985,45.007999420166016
740,2025-01-12,70.84500122070312,105.3499985,45.007999420166016
741,2025-01-13,72.31500244140625,108.4499969,48.26100158691406
742,2025-01-14,72.3949966430664,106.25,46.946998596191406
743,2025-01-15,73.91000366210938,107.4000015,47.00600051879883
744,2025-01-16,73.99500274658203,107.9000015,46.24100112915039
745,2025-01-17,74.91999816894531,109.25,46.887001037597656
746,2025-01-18,74.91999816894531,109.25,46.887001037597656
747,2025-01-19,74.91999816894531,109.25,46.887001037597656
748,2025-01-20,75.38999938964844,109.25,46.887001037597656
749,2025-01-21,75.33499908447266,111.25,50.027000427246094
750,2025-01-22,74.81999969482422,109.75,48.71599960327149
751,2025-01-23,76.375,109.5,49.12300109863281
752,2025-01-24,77.18000030517578,109.4000015,49.70199966430664
753,2025-01-25,77.18000030517578,109.4000015,49.70199966430664
754,2025-01-26,77.18000030517578,109.4000015,49.70199966430664
755,2025-01-27,74.9000015258789,109.4000015,47.86199951171875
756,2025-01-28,75.9800033569336,110.25,48.2239990234375
757,2025-01-29,78.70999908447266,110.1500015,51.15599822998047
758,2025-01-30,78.01000213623047,110.1500015,51.72600173950195
759,2025-01-31,79.3499984741211,110.3799973,53.23699951171875
760,2025-02-01,79.3499984741211,110.3799973,53.23699951171875
761,2025-02-02,79.3499984741211,110.3799973,53.23699951171875
762,2025-02-03,76.73999786376953,109.25,53.79399871826172
763,2025-02-04,76.3949966430664,105.75,52.04800033569336
764,2025-02-05,76.80000305175781,105.6999969,53.4379997253418
765,2025-02-06,77.49500274658203,106.3499985,54.50199890136719
766,2025-02-07,78.08999633789062,105.0,55.72299957275391
767,2025-02-08,78.08999633789062,105.0,55.72299957275391
768,2025-02-09,78.08999633789062,105.0,55.72299957275391
769,2025-02-10,78.41000366210938,104.5,58.03900146484375
770,2025-02-11,78.16000366210938,102.9000015,57.76599884033203
771,2025-02-12,76.32499694824219,103.1500015,55.6609992980957
772,2025-02-13,74.0999984741211,101.75,51.382999420166016
773,2025-02-14,75.55500030517578,101.25,50.685001373291016
774,2025-02-15,75.55500030517578,101.25,50.685001373291016
775,2025-02-16,75.55500030517578,101.25,50.685001373291016
776,2025-02-17,73.29499816894531,101.25,50.685001373291016
777,2025-02-18,71.4749984741211,101.6500015,49.21500015258789
778,2025-02-19,70.41000366210938,100.4000015,48.26399993896485
779,2025-02-20,68.9800033569336,99.90000153,47.49399948120117
780,2025-02-21,69.99500274658203,99.75,47.19499969482422
781,2025-02-22,69.99500274658203,99.75,47.19499969482422
782,2025-02-23,69.99500274658203,99.75,47.19499969482422
783,2025-02-24,69.92500305175781,100.4000015,47.14400100708008
784,2025-02-25,67.86000061035156,99.75,44.29100036621094
785,2025-02-26,67.6500015258789,99.5,41.33599853515625
786,2025-02-27,69.08999633789062,99.75,44.93000030517578
787,2025-02-28,67.63500213623047,99.43000031,44.31999969482422
788,2025-03-01,67.63500213623047,99.43000031,44.31999969482422
789,2025-03-02,67.63500213623047,99.43000031,44.31999969482422
790,2025-03-03,67.97000122070312,96.59999847,45.2130012512207
791,2025-03-04,64.88500213623047,96.0,43.4640007019043
792,2025-03-05,64.82499694824219,96.90000153,41.507999420166016
793,2025-03-06,63.77000045776367,96.69999695,38.2400016784668
794,2025-03-07,64.88999938964844,97.5,39.97100067138672
795,2025-03-08,64.88999938964844,97.5,39.97100067138672
796,2025-03-09,64.88999938964844,97.5,39.97100067138672
797,2025-03-10,65.625,100.0,41.23199844360352
798,2025-03-11,64.9000015258789,99.09999847,42.709999084472656
799,2025-03-12,65.86000061035156,97.90000153,42.25400161743164
800,2025-03-13,66.56999969482422,97.90000153,42.07600021362305
801,2025-03-14,67.27999877929688,97.84999847,42.290000915527344
802,2025-03-15,67.27999877929688,97.84999847,42.290000915527344
803,2025-03-16,67.27999877929688,97.84999847,42.290000915527344
804,2025-03-17,66.37000274658203,97.25,41.24800109863281
805,2025-03-18,67.66999816894531,96.90000153,40.755001068115234
806,2025-03-19,70.01000213623047,98.30000305,43.35499954223633
807,2025-03-20,69.3550033569336,97.75,42.85499954223633
808,2025-03-21,67.69499969482422,97.90000153,42.60499954223633
809,2025-03-22,67.69499969482422,97.90000153,42.60499954223633
810,2025-03-23,67.69499969482422,97.90000153,42.60499954223633
811,2025-03-24,67.94499969482422,97.65000153,42.74800109863281
812,2025-03-25,66.93499755859375,97.40000153,41.55500030517578
813,2025-03-26,67.26000213623047,98.0,40.869998931884766
814,2025-03-27,65.37999725341797,97.84999847,41.20199966430664
815,2025-03-28,65.4800033569336,97.44000244,40.58700180053711
816,2025-03-29,65.4800033569336,97.44000244,40.58700180053711
817,2025-03-30,65.4800033569336,97.44000244,40.58700180053711
818,2025-03-31,64.75,103.9000015,40.66699981689453
819,2025-04-01,66.29000091552734,105.75,42.45000076293945
820,2025-04-02,65.48500061035156,103.3000031,41.26300048828125
821,2025-04-03,63.16999816894531,100.75,39.20299911499024
822,2025-04-04,60.79999923706055,99.90000153,36.4010009765625
823,2025-04-05,60.79999923706055,99.90000153,36.4010009765625
824,2025-04-06,60.79999923706055,99.90000153,36.4010009765625
825,2025-04-07,59.130001068115234,101.9000015,37.0
826,2025-04-08,58.915000915527344,103.0,36.23099899291992
827,2025-04-09,58.30500030517578,101.6500015,33.66600036621094
828,2025-04-10,59.31999969482422,102.5,33.292999267578125
829,2025-04-11,61.98500061035156,102.75,33.4630012512207
830,2025-04-12,61.98500061035156,102.75,33.4630012512207
831,2025-04-13,61.98500061035156,102.75,33.4630012512207
832,2025-04-14,63.52000045776367,103.8000031,34.499000549316406
833,2025-04-15,63.11000061035156,104.25,34.40700149536133
834,2025-04-16,63.67499923706055,103.3499985,35.3120002746582
835,2025-04-17,62.7599983215332,103.0,35.65700149536133
836,2025-04-18,62.7599983215332,103.0,35.65700149536133
837,2025-04-19,62.7599983215332,103.0,35.65700149536133
838,2025-04-20,62.7599983215332,103.0,35.65700149536133
839,2025-04-21,62.7599983215332,103.0,35.65700149536133
840,2025-04-22,61.27000045776367,102.1500015,34.24399948120117
841,2025-04-23,63.66999816894531,103.0,34.15999984741211
842,2025-04-24,63.2599983215332,102.0,33.57400131225586
843,2025-04-25,63.27000045776367,102.4000015,32.43199920654297
844,2025-04-26,63.27000045776367,102.4000015,32.43199920654297
845,2025-04-27,63.27000045776367,102.4000015,32.43199920654297
846,2025-04-28,62.19499969482422,92.30000305,32.39799880981445
847,2025-04-29,62.0,93.09999847,31.856000900268555
848,2025-04-30,63.56999969482422,93.65000153,32.31700134277344
849,2025-05-01,63.93999862670898,94.15000153,32.14899826049805
850,2025-05-02,65.71499633789062,94.59999847,33.077999114990234
851,2025-05-03,65.71499633789062,94.59999847,33.077999114990234
852,2025-05-04,65.71499633789062,94.59999847,33.077999114990234
853,2025-05-05,65.71499633789062,94.59999847,32.93000030517578
854,2025-05-06,65.79000091552734,96.90000153,34.74300003051758
855,2025-05-07,67.87000274658203,97.25,34.53099822998047
856,2025-05-08,67.66999816894531,96.75,35.340999603271484
857,2025-05-09,67.16999816894531,96.05000305,34.61800003051758
858,2025-05-10,67.16999816894531,96.05000305,34.61800003051758
859,2025-05-11,67.16999816894531,96.05000305,34.61800003051758
860,2025-05-12,69.51499938964844,96.5,35.38999938964844
861,2025-05-13,69.40499877929688,95.94999695,35.74399948120117
862,2025-05-14,68.88999938964844,94.44999695,35.04800033569336
863,2025-05-15,70.04499816894531,95.0,35.29399871826172
864,2025-05-16,67.93499755859375,94.75,35.15599822998047
865,2025-05-17,67.93499755859375,94.75,35.15599822998047
866,2025-05-18,67.93499755859375,94.75,35.15599822998047
867,2025-05-19,67.38999938964844,95.25,35.224998474121094
868,2025-05-20,70.13500213623047,96.15000153,36.979000091552734
869,2025-05-21,69.5250015258789,95.69999695,36.62099838256836
870,2025-05-22,68.9800033569336,96.05000305,36.35599899291992
871,2025-05-23,68.52999877929688,96.15000153,36.45000076293945
872,2025-05-24,68.52999877929688,96.15000153,36.45000076293945
873,2025-05-25,68.52999877929688,96.15000153,36.45000076293945
874,2025-05-26,68.52999877929688,96.15000153,36.45000076293945
875,2025-05-27,67.94000244140625,96.15000153,37.00600051879883
876,2025-05-28,68.80000305175781,95.59999847,36.6870002746582
877,2025-05-29,67.80000305175781,95.65000153,35.15800094604492
878,2025-05-30,67.54499816894531,95.61000061,34.22800064086914
879,2025-05-31,67.54499816894531,95.61000061,34.22800064086914
880,2025-06-01,67.54499816894531,95.61000061,34.22800064086914
881,2025-06-02,67.93000030517578,96.80000305,35.01499938964844
882,2025-06-03,69.25499725341797,97.15000153,35.847999572753906
883,2025-06-04,69.26000213623047,99.0,35.650001525878906
884,2025-06-05,69.69499969482422,100.5999985,36.39300155639648
885,2025-06-06,70.33499908447266,101.8000031,36.2509994506836
886,2025-06-07,70.33499908447266,101.8000031,36.2509994506836
887,2025-06-08,70.33499908447266,101.8000031,36.2509994506836
888,2025-06-09,70.875,103.3499985,35.60499954223633
889,2025-06-10,69.82499694824219,102.0999985,34.63800048828125
890,2025-06-11,71.0,102.1999969,35.91299819946289
891,2025-06-12,71.9749984741211,102.75,36.17699813842773
892,2025-06-13,72.62999725341797,103.25,37.89400100708008
893,2025-06-14,72.62999725341797,103.25,37.89400100708008
894,2025-06-15,72.62999725341797,103.25,37.89400100708008
895,2025-06-16,72.07499694824219,103.5,37.90599822998047
896,2025-06-17,71.2699966430664,104.0999985,39.30899810791016
897,2025-06-18,71.38500213623047,103.8499985,38.69300079345703
898,2025-06-19,70.69999694824219,103.8499985,38.69300079345703
899,2025-06-20,69.84500122070312,103.9000015,40.92900085449219
900,2025-06-21,69.84500122070312,103.9000015,40.92900085449219
901,2025-06-22,69.84500122070312,103.9000015,40.92900085449219
902,2025-06-23,70.1050033569336,104.4000015,40.52199935913086
903,2025-06-24,70.45999908447266,103.3499985,35.6150016784668
904,2025-06-25,68.17500305175781,103.4499969,35.4010009765625
905,2025-06-26,67.71499633789062,103.6500015,34.02399826049805
906,2025-06-27,68.08999633789062,103.6299973,33.08700180053711
907,2025-06-28,68.08999633789062,103.6299973,33.08700180053711
908,2025-06-29,68.08999633789062,103.6299973,33.08700180053711
909,2025-06-30,66.28500366210938,107.5,32.89799880981445
910,2025-07-01,67.76499938964844,107.4499969,33.69300079345703
911,2025-07-02,68.67500305175781,108.8499985,33.590999603271484
912,2025-07-03,68.91999816894531,108.4000015,33.62099838256836
913,2025-07-04,68.58499908447266,108.4000015,33.43000030517578
914,2025-07-05,68.58499908447266,108.4000015,33.43000030517578
915,2025-07-06,68.58499908447266,108.4000015,33.43000030517578
916,2025-07-07,68.125,106.1999969,33.62099838256836
917,2025-07-08,67.17500305175781,107.0,34.21900177001953
918,2025-07-09,67.6449966430664,108.0,34.30400085449219
919,2025-07-10,68.12000274658203,108.9000015,35.16999816894531
920,2025-07-11,67.57499694824219,108.8499985,35.56100082397461
921,2025-07-12,67.57499694824219,108.8499985,35.56100082397461
922,2025-07-13,67.57499694824219,108.8499985,35.56100082397461
923,2025-07-14,67.31999969482422,106.3000031,35.45399856567383
924,2025-07-15,68.4800033569336,104.9000015,34.44499969482422
925,2025-07-16,68.22000122070312,105.0,34.80899810791016
926,2025-07-17,67.52999877929688,104.6500015,34.40700149536133
927,2025-07-18,67.09500122070312,104.6500015,33.595001220703125
928,2025-07-19,67.09500122070312,104.6500015,33.595001220703125
929,2025-07-20,67.09500122070312,104.6500015,33.595001220703125
930,2025-07-21,66.99500274658203,104.1500015,33.15900039672852
931,2025-07-22,66.49500274658203,104.5,33.11100006103516
932,2025-07-23,66.55000305175781,104.6500015,32.689998626708984
933,2025-07-24,67.88999938964844,104.5,32.358001708984375
934,2025-07-25,68.50499725341797,104.4100037,32.499000549316406
935,2025-07-26,68.50499725341797,104.4100037,32.499000549316406
936,2025-07-27,68.50499725341797,104.4100037,32.499000549316406
937,2025-07-28,67.76499938964844,103.4000015,32.89899826049805
938,2025-07-29,69.94000244140625,104.8499985,34.10300064086914
939,2025-07-30,69.68499755859375,104.4499969,34.5369987487793
940,2025-07-31,70.01499938964844,104.0500031,35.27899932861328
941,2025-08-01,68.12999725341797,103.5500031,33.97200012207031
942,2025-08-02,68.12999725341797,103.5500031,33.97200012207031
943,2025-08-03,68.12999725341797,103.5500031,33.97200012207031
944,2025-08-04,67.92500305175781,103.1500015,34.28300094604492
945,2025-08-05,68.30000305175781,103.0,34.40599822998047
946,2025-08-06,68.12999725341797,102.1999969,33.25699996948242
947,2025-08-07,68.5,101.5500031,32.95100021362305
948,2025-08-08,70.04000091552734,101.0,32.44599914550781
949,2025-08-09,70.04000091552734,101.0,32.44599914550781
950,2025-08-10,70.04000091552734,101.0,32.44599914550781
951,2025-08-11,69.27999877929688,101.3000031,32.999000549316406
952,2025-08-12,68.5,100.3000031,32.40900039672852
953,2025-08-13,68.91000366210938,100.25,32.599998474121094
954,2025-08-14,68.06500244140625,99.65000153,32.14099884033203
955,2025-08-15,67.80500030517578,99.15000153,31.0310001373291
956,2025-08-16,67.80500030517578,99.15000153,31.0310001373291
957,2025-08-17,67.80500030517578,99.15000153,31.0310001373291
958,2025-08-18,68.73999786376953,99.5,31.27199935913086
959,2025-08-19,68.13500213623047,100.1500015,31.226999282836918
960,2025-08-20,68.55000305175781,100.5999985,31.9060001373291
961,2025-08-21,69.65499877929688,100.5,33.17499923706055
962,2025-08-22,69.29499816894531,99.90000153,33.573001861572266
963,2025-08-23,69.29499816894531,99.90000153,33.573001861572266
964,2025-08-24,69.29499816894531,99.90000153,33.573001861572266
965,2025-08-25,69.29499816894531,99.5,33.77399826049805
966,2025-08-26,69.73500061035156,100.4000015,33.459999084472656
967,2025-08-27,69.37000274658203,99.84999847,32.55099868774414
968,2025-08-28,68.9000015258789,99.55000305,31.55900001525879
969,2025-08-29,70.03500366210938,99.40000153,31.621999740600582
970,2025-08-30,70.03500366210938,99.40000153,31.621999740600582
971,2025-08-31,70.03500366210938,99.40000153,31.621999740600582
972,2025-09-01,71.08499908447266,99.40000153,31.621999740600582
973,2025-09-02,70.37000274658203,96.69999695,31.77199935913086
974,2025-09-03,70.91000366210938,96.34999847,32.11199951171875
975,2025-09-04,71.61000061035156,95.75,32.4119987487793
976,2025-09-05,72.95999908447266,94.84999847,31.9689998626709
977,2025-09-06,72.95999908447266,94.84999847,31.9689998626709
978,2025-09-07,72.95999908447266,94.84999847,31.9689998626709
979,2025-09-08,73.61499786376953,94.59999847,33.06399917602539
980,2025-09-09,73.53500366210938,94.19999695,32.930999755859375
981,2025-09-10,74.19999694824219,93.0,33.12200164794922
982,2025-09-11,72.625,93.15000153,32.323001861572266
983,2025-09-12,72.72000122070312,93.0,32.6619987487793
984,2025-09-13,72.72000122070312,93.0,32.6619987487793
985,2025-09-14,72.72000122070312,93.0,32.6619987487793
986,2025-09-15,73.57499694824219,93.0,32.15399932861328
987,2025-09-16,74.23500061035156,93.34999847,32.32899856567383
988,2025-09-17,73.8949966430664,93.55000305,32.4010009765625
989,2025-09-18,74.48999786376953,94.15000153,32.95199966430664
990,2025-09-19,74.5999984741211,93.75,32.30799865722656
991,2025-09-20,74.5999984741211,93.75,32.30799865722656
992,2025-09-21,74.5999984741211,93.75,32.30799865722656
993,2025-09-22,73.29499816894531,93.0,31.8439998626709
994,2025-09-23,73.7699966430664,93.0,32.26499938964844
995,2025-09-24,73.0199966430664,93.0,31.902999877929688
996,2025-09-25,72.7750015258789,92.75,32.45600128173828
997,2025-09-26,73.02999877929688,92.94999695,32.696998596191406
998,2025-09-27,73.02999877929688,92.94999695,32.696998596191406
999,2025-09-28,73.02999877929688,92.94999695,32.696998596191406
1000,2025-09-29,73.8949966430664,93.90000153,32.060001373291016
1001,2025-09-30,72.80999755859375,93.75,31.410999298095703
1002,2025-10-01,73.49500274658203,92.90000153,31.334999084472656
1003,2025-10-02,74.44000244140625,92.19999695,31.45499992370605
1004,2025-10-03,76.30500030517578,92.0,31.4379997253418
1005,2025-10-04,76.30500030517578,92.0,31.4379997253418
1006,2025-10-05,76.30500030517578,92.0,31.4379997253418
1007,2025-10-06,75.875,91.5,33.11600112915039
1008,2025-10-07,75.36499786376953,91.25,33.24599838256836
1009,2025-10-08,76.0999984741211,90.5,32.70000076293945
1010,2025-10-09,76.23999786376953,90.44999695,32.362998962402344
1011,2025-10-10,76.34500122070312,89.65000153,32.16999816894531
1012,2025-10-11,76.34500122070312,89.65000153,32.16999816894531
1013,2025-10-12,76.34500122070312,89.65000153,32.16999816894531
1014,2025-10-13,75.1449966430664,89.40000153,31.475000381469727
1015,2025-10-14,73.99500274658203,89.25,31.801000595092773
1016,2025-10-15,75.05999755859375,91.40000153,31.826000213623047
1017,2025-10-16,76.40499877929688,93.0,32.37799835205078
1018,2025-10-17,76.38500213623047,93.0,31.81599998474121
1019,2025-10-18,76.38500213623047,93.0,31.81599998474121
1020,2025-10-19,76.38500213623047,93.0,31.81599998474121
1021,2025-10-20,76.66000366210938,92.65000153,31.73900032043457
1022,2025-10-21,76.42500305175781,92.40000153,32.20000076293945
1023,2025-10-22,75.48500061035156,92.05000305,31.76799964904785
1024,2025-10-23,75.41500091552734,92.59999847,32.45399856567383
1025,2025-10-24,75.34600067138672,92.40000153,32.01599884033203
1026,2025-10-25,75.34600067138672,92.40000153,32.01599884033203
1027,2025-10-26,75.34600067138672,92.40000153,32.01599884033203
1028,2025-10-27,74.8550033569336,92.40000153,31.399999618530277
1029,2025-10-28,75.38500213623047,92.5,31.49399948120117
1030,2025-10-29,75.9000015258789,92.55000305,31.86899948120117
1031,2025-10-30,75.74500274658203,93.0,31.04800033569336
1032,2025-10-31,75.52999877929688,92.91999817,31.121999740600582
1033,2025-11-01,75.52999877929688,92.91999817,31.121999740600582
1034,2025-11-02,75.52999877929688,92.91999817,31.121999740600582
1035,2025-11-03,78.23500061035156,96.09999847,31.74099922180176
1036,2025-11-04,79.16999816894531,97.34999847,32.55099868774414
1037,2025-11-05,78.41500091552734,97.19999695,31.819000244140625
1038,2025-11-06,77.31999969482422,97.05000305,31.54800033569336
1039,2025-11-07,76.62000274658203,96.90000153,31.201000213623047
1040,2025-11-08,76.62000274658203,96.90000153,31.201000213623047
1041,2025-11-09,76.62000274658203,96.90000153,31.201000213623047
1042,2025-11-10,76.93499755859375,96.25,31.07099914550781
1043,2025-11-11,77.68499755859375,95.90000153,31.101999282836918
1044,2025-11-12,78.87999725341797,95.59999847,30.933000564575195
1045,2025-11-13,78.27999877929688,95.40000153,30.45800018310547
1046,2025-11-14,77.9800033569336,96.34999847,31.25
1047,2025-11-15,77.9800033569336,96.34999847,31.25
1048,2025-11-16,77.9800033569336,96.34999847,31.25
1049,2025-11-17,76.86000061035156,96.59999847,31.417999267578125
1050,2025-11-18,78.18000030517578,96.25,31.694000244140625
1051,2025-11-19,77.63500213623047,96.25,30.940000534057617
1052,2025-11-20,78.25,96.5,31.15900039672852
1053,2025-11-21,77.4749984741211,95.5,30.197999954223636
1054,2025-11-22,77.4749984741211,95.5,30.197999954223636
1055,2025-11-23,77.4749984741211,95.5,30.197999954223636
1056,2025-11-24,77.58499908447266,95.94999695,29.746999740600582
1057,2025-11-25,78.79499816894531,96.09999847,29.38599967956543
1058,2025-11-26,78.48500061035156,96.15000153,29.368000030517575
1059,2025-11-27,79.2750015258789,96.15000153,29.368000030517575
1060,2025-11-28,80.07499694824219,96.29000092,28.816999435424805
1061,2025-11-29,80.07499694824219,96.29000092,28.816999435424805
1062,2025-11-30,80.07499694824219,96.29000092,28.816999435424805
1063,2025-12-01,79.55999755859375,97.75,28.226999282836918
1064,2025-12-02,78.75499725341797,99.5,28.049999237060547
1065,2025-12-03,78.76000213623047,98.94999695,28.20599937438965
1066,2025-12-04,79.41999816894531,97.34999847,27.08799934387207
1067,2025-12-05,78.80000305175781,97.25,27.266000747680664
1068,2025-12-06,78.80000305175781,97.25,27.266000747680664
1069,2025-12-07,78.80000305175781,97.25,27.266000747680664
1070,2025-12-08,78.98500061035156,97.05000305,26.871000289916992
1071,2025-12-09,79.63999938964844,96.94999695,27.48900032043457
1072,2025-12-10,78.99500274658203,96.5,26.601999282836918
1073,2025-12-11,80.7750015258789,96.5,26.80500030517578
1074,2025-12-12,80.6500015258789,96.75,27.68400001525879
1075,2025-12-13,80.6500015258789,96.75,27.68400001525879
1076,2025-12-14,80.6500015258789,96.75,27.68400001525879
1077,2025-12-15,82.02999877929688,96.05000305,27.424999237060547
1078,2025-12-16,82.1050033569336,95.75,26.763999938964844
1079,2025-12-17,81.31999969482422,96.5,27.35700035095215
1080,2025-12-18,80.91500091552734,97.0,27.652000427246094
1081,2025-12-19,81.77999877929688,96.90000153,28.160999298095703
1082,2025-12-20,81.77999877929688,96.90000153,28.160999298095703
1083,2025-12-21,81.77999877929688,96.90000153,28.160999298095703
1084,2025-12-22,82.33499908447266,96.5,27.687000274658203
1085,2025-12-23,83.06500244140625,96.5,27.73200035095215
1086,2025-12-24,82.80999755859375,96.55000305,28.09499931335449
1087,2025-12-25,82.80999755859375,96.55000305,28.09499931335449
1088,2025-12-26,82.80999755859375,96.0,28.09499931335449
1089,2025-12-27,82.80999755859375,96.0,28.09499931335449
1090,2025-12-28,82.80999755859375,96.0,28.09499931335449
1091,2025-12-29,82.06999969482422,96.0,28.53400039672852
1092,2025-12-30,81.94499969482422,96.0,27.766000747680664
1093,2025-12-31,82.02999877929688,96.0,28.160999298095703
1094,2026-01-01,82.02999877929688,96.0,28.160999298095703
1095,2026-01-02,83.20500183105469,96.0,29.003999710083008
1096,2026-01-03,83.20500183105469,96.0,29.003999710083008
1097,2026-01-04,83.20500183105469,96.0,29.003999710083008
1098,2026-01-05,82.01499938964844,96.0,27.39900016784668
1099,2026-01-06,82.77999877929688,96.0,28.07200050354004
1100,2026-01-07,82.80999755859375,96.0,28.777000427246094
1101,2026-01-08,83.0199966430664,96.0,27.698999404907227
1102,2026-01-09,84.18000030517578,96.0,28.374000549316406
1103,2026-01-10,84.18000030517578,96.0,28.374000549316406
1104,2026-01-11,84.18000030517578,96.0,28.374000549316406
1105,2026-01-12,84.80000305175781,96.0,30.246000289916992
1106,2026-01-13,85.30000305175781,96.0,31.472999572753903
1107,2026-01-14,86.62999725341797,96.0,31.8129997253418
1108,2026-01-15,86.53500366210938,96.0,33.15800094604492
1109,2026-01-16,86.56500244140625,96.0,36.87900161743164
1110,2026-01-17,86.56500244140625,96.0,36.87900161743164
1111,2026-01-18,86.56500244140625,96.0,36.87900161743164
1112,2026-01-19,82.98999786376953,96.0,36.87900161743164
1113,2026-01-20,79.94000244140625,96.0,35.887001037597656
1114,2026-01-21,82.28500366210938,96.0,39.20800018310547
1115,2026-01-22,83.21499633789062,96.0,38.07899856567383
1116,2026-01-23,83.17500305175781,96.0,40.03900146484375
1117,2026-01-24,83.17500305175781,96.0,40.03900146484375
1118,2026-01-25,83.17500305175781,96.0,40.03900146484375
1119,2026-01-26,82.33000183105469,96.0,39.11199951171875
1120,2026-01-27,83.20999908447266,96.0,38.76100158691406
1121,2026-01-28,81.31999969482422,96.0,38.86100006103516
1122,2026-01-29,78.80999755859375,96.0,40.11299896240234
1123,2026-01-30,76.80500030517578,96.0,39.28499984741211
1124,2026-01-31,76.80500030517578,96.0,39.28499984741211
1125,2026-02-01,76.80500030517578,96.0,39.28499984741211
1126,2026-02-02,78.37000274658203,96.0,33.94499969482422
1127,2026-02-03,77.5199966430664,96.0,32.86000061035156
1128,2026-02-04,78.08499908447266,96.0,33.500999450683594
1129,2026-02-05,73.55999755859375,96.0,33.73500061035156
1130,2026-02-06,74.40499877929688,96.0,35.694000244140625
1131,2026-02-07,74.40499877929688,96.0,35.694000244140625
1132,2026-02-08,74.40499877929688,96.0,35.694000244140625
1133,2026-02-09,76.76000213623047,96.0,33.49599838256836
1134,2026-02-10,74.55000305175781,96.0,31.84600067138672
1135,2026-02-11,74.27999877929688,96.0,32.16699981689453
1136,2026-02-12,68.80999755859375,96.0,32.99399948120117
1137,2026-02-13,66.91500091552734,96.0,32.5
1138,2026-02-14,66.91500091552734,96.0,32.5
1139,2026-02-15,66.91500091552734,96.0,32.5
1140,2026-02-16,65.4000015258789,96.0,32.5
1141,2026-02-17,66.25,96.0,29.82200050354004
1142,2026-02-18,67.4800033569336,96.0,31.481000900268555
1143,2026-02-19,67.30000305175781,96.0,33.52299880981445
1144,2026-02-20,69.21499633789062,96.0,32.02899932861328
1145,2026-02-21,69.21499633789062,96.0,32.02899932861328
1146,2026-02-22,69.21499633789062,96.0,32.02899932861328
1147,2026-02-23,67.43000030517578,96.0,31.833999633789062
1148,2026-02-24,66.94499969482422,96.0,30.891000747680664
1149,2026-02-25,68.6500015258789,96.0,31.049999237060547
1150,2026-02-26,66.98500061035156,96.0,32.2239990234375
1151,2026-02-27,66.00499725341797,96.0,31.958999633789062
1152,2026-02-28,66.00499725341797,96.0,31.958999633789062
1153,2026-03-01,66.00499725341797,96.0,31.958999633789062
1154,2026-03-02,66.17500305175781,96.0,44.50600051879883
1155,2026-03-03,69.4000015258789,96.0,54.290000915527344
1156,2026-03-04,66.50499725341797,96.0,48.766998291015625
1157,2026-03-05,66.26000213623047,96.0,50.73099899291992
1158,2026-03-06,66.18499755859375,96.0,53.3849983215332
1159,2026-03-07,66.18499755859375,96.0,53.3849983215332
1160,2026-03-08,66.18499755859375,96.0,53.3849983215332
1161,2026-03-09,66.80500030517578,96.0,56.45299911499024
1162,2026-03-10,68.7750015258789,96.0,47.39300155639648
1163,2026-03-11,67.65499877929688,96.0,49.98899841308594
1164,2026-03-12,64.29499816894531,96.0,50.869998931884766
1165,2026-03-13,65.1050033569336,96.0,50.1150016784668
1166,2026-03-14,65.1050033569336,96.0,50.1150016784668
1167,2026-03-15,65.1050033569336,96.0,50.1150016784668
1168,2026-03-16,65.09500122070312,96.0,50.887001037597656
1169,2026-03-17,62.67499923706055,96.0,51.55899810791016
1170,2026-03-18,62.39500045776367,96.0,54.6619987487793
1171,2026-03-19,59.96500015258789,96.0,61.85200119018555
1172,2026-03-20,63.6349983215332,96.0,59.255001068115234
1173,2026-03-21,63.6349983215332,96.0,59.255001068115234
1174,2026-03-22,63.6349983215332,96.0,59.255001068115234
1175,2026-03-23,65.09500122070312,96.0,56.68299865722656
1176,2026-03-24,67.06500244140625,96.0,54.04100036621094
1177,2026-03-25,66.86499786376953,96.0,52.81600189208984
1178,2026-03-26,67.40499877929688,96.0,55.21799850463867
1179,2026-03-27,67.3949966430664,96.0,54.17699813842773
1180,2026-03-28,67.3949966430664,96.0,54.17699813842773
1181,2026-03-29,67.3949966430664,96.0,54.17699813842773
1182,2026-03-30,68.0999984741211,96.0,54.81399917602539
1183,2026-03-31,68.11000061035156,96.0,50.75699996948242
1184,2026-04-01,70.19999694824219,96.0,47.5099983215332
1185,2026-04-02,67.20500183105469,96.0,50.04399871826172
1186,2026-04-03,67.20500183105469,96.0,50.04399871826172
1187,2026-04-04,67.20500183105469,96.0,50.04399871826172
1188,2026-04-05,67.20500183105469,96.0,50.04399871826172
1189,2026-04-06,67.20500183105469,96.0,50.04399871826172
1190,2026-04-07,67.42500305175781,96.0,53.24700164794922
1191,2026-04-08,67.66000366210938,96.0,45.30099868774414
1192,2026-04-09,69.3949966430664,96.0,46.17499923706055
1193,2026-04-10,68.44499969482422,96.0,43.63800048828125
1194,2026-04-11,68.44499969482422,96.0,43.63800048828125
1195,2026-04-12,68.44499969482422,96.0,43.63800048828125
1196,2026-04-13,68.375,96.0,46.41299819946289
1197,2026-04-14,70.43000030517578,96.0,43.3650016784668
1198,2026-04-15,70.04000091552734,96.0,41.39899826049805
1199,2026-04-16,70.69499969482422,96.0,42.422000885009766
1200,2026-04-17,72.58000183105469,96.0,38.76900100708008
1201,2026-04-18,72.58000183105469,96.0,38.76900100708008
1202,2026-04-19,72.58000183105469,96.0,38.76900100708008
1203,2026-04-20,71.66500091552734,96.0,40.29199981689453
1204,2026-04-21,71.32499694824219,96.0,41.930999755859375
1205,2026-04-22,70.23500061035156,96.0,43.55199813842773
1206,2026-04-23,70.55999755859375,96.0,44.49599838256836
1207,2026-04-24,70.75499725341797,96.0,44.86100006103516
1208,2026-04-25,70.75499725341797,96.0,44.86100006103516
1209,2026-04-26,70.75499725341797,96.0,44.86100006103516
1210,2026-04-27,70.5999984741211,96.0,44.64599990844727
1211,2026-04-28,70.8550033569336,96.0,43.59400177001953
1212,2026-04-29,68.94999694824219,96.0,46.85300064086914
1213,2026-04-30,69.38500213623047,96.0,45.98699951171875
1214,2026-05-01,69.81999969482422,96.0,45.76599884033203
1215,2026-05-02,69.81999969482422,96.0,45.76599884033203
1216,2026-05-03,69.81999969482422,96.0,45.76599884033203
1217,2026-05-04,69.81999969482422,96.0,48.14300155639648
1218,2026-05-05,71.46499633789062,96.0,46.92599868774414
1219,2026-05-06,71.80500030517578,96.0,43.902000427246094
1220,2026-05-07,70.87999725341797,96.0,43.56100082397461
1221,2026-05-08,70.97000122070312,96.0,44.14300155639648
1222,2026-05-09,70.97000122070312,96.0,44.14300155639648
1223,2026-05-10,70.97000122070312,96.0,44.14300155639648
1224,2026-05-11,72.91500091552734,96.0,46.233001708984375
1225,2026-05-12,71.50499725341797,96.0,46.68399810791016
1226,2026-05-13,70.9000015258789,96.0,46.91999816894531
1227,2026-05-14,70.86000061035156,96.0,47.65499877929688
1228,2026-05-15,71.44999694824219,96.0,50.16699981689453
1229,2026-05-16,71.44999694824219,96.0,50.16699981689453
1230,2026-05-17,71.44999694824219,96.0,50.16699981689453
1231,2026-05-18,71.42500305175781,96.0,50.25
1232,2026-05-19,70.79499816894531,96.0,51.81600189208984
1233,2026-05-20,71.30000305175781,96.0,49.42499923706055
1234,2026-05-21,70.875,96.0,49.40800094604492
1235,2026-05-22,72.66000366210938,96.0,48.68299865722656
1236,2026-05-23,72.66000366210938,96.0,48.68299865722656
1237,2026-05-24,72.66000366210938,96.0,48.68299865722656
1238,2026-05-25,72.66000366210938,96.0,48.68299865722656
1239,2026-05-26,73.82499694824219,96.0,47.47200012207031
1240,2026-05-27,74.38999938964844,96.0,46.41299819946289
1241,2026-05-28,75.6449966430664,96.0,46.92100143432617
1242,2026-05-29,76.1449966430664,96.0,46.0009994506836
1243,2026-05-30,76.1449966430664,96.0,46.0009994506836
1244,2026-05-31,76.1449966430664,96.0,46.0009994506836
1245,2026-06-01,74.7750015258789,96.0,49.09000015258789
1246,2026-06-02,74.94999694824219,96.0,47.60699844360352
1247,2026-06-03,74.41000366210938,96.0,48.86399841308594
1248,2026-06-04,72.93000030517578,96.0,48.75199890136719
1249,2026-06-05,72.76000213623047,96.0,48.49599838256836
1250,2026-06-06,72.76000213623047,96.0,48.49599838256836
1251,2026-06-07,72.76000213623047,96.0,48.49599838256836
1252,2026-06-08,72.86499786376953,96.0,49.82600021362305
1253,2026-06-09,71.91999816894531,96.0,48.74399948120117
1254,2026-06-10,73.19999694824219,96.0,49.98899841308594
1255,2026-06-11,73.04499816894531,96.0,49.68999862670898
1256,2026-06-12,73.05000305175781,96.0,46.77299880981445
1257,2026-06-13,73.05000305175781,96.0,46.77299880981445
1258,2026-06-14,73.05000305175781,96.0,46.77299880981445
1259,2026-06-15,75.57499694824219,96.0,42.50699996948242
1260,2026-06-16,75.55999755859375,96.0,41.76900100708008
1261,2026-06-17,75.43499755859375,96.0,41.915000915527344
1262,2026-06-18,75.37999725341797,96.0,40.52299880981445
1263,2026-06-19,76.13999938964844,96.0,40.52299880981445
1264,2026-06-20,76.13999938964844,96.0,40.52299880981445
1265,2026-06-21,76.13999938964844,96.0,40.52299880981445
1266,2026-06-22,76.99500274658203,96.0,41.887001037597656
1267,2026-06-23,76.56999969482422,96.0,42.01399993896485
1268,2026-06-24,76.44999694824219,96.0,40.8759994506836
1269,2026-06-25,76.36000061035156,96.0,40.40499877929688
1270,2026-06-26,75.98999786376953,96.0,40.78200149536133
1271,2026-06-27,75.98999786376953,96.0,40.78200149536133
1272,2026-06-28,75.98999786376953,96.0,40.78200149536133
1273,2026-06-29,74.8550033569336,96.0,42.56499862670898
1274,2026-06-30,75.86499786376953,96.0,43.44400024414063
1275,2026-07-01,75.3550033569336,96.0,42.77899932861328
1276,2026-07-02,75.13999938964844,96.0,44.01499938964844
1277,2026-07-03,76.31500244140625,96.0,44.01499938964844
1278,2026-07-04,76.31500244140625,96.0,44.01499938964844
1279,2026-07-05,76.31500244140625,96.0,44.01499938964844
1280,2026-07-06,77.52999877929688,96.0,44.13100051879883
1281,2026-07-07,75.98500061035156,96.0,46.57600021362305
1282,2026-07-08,74.78500366210938,96.0,49.02199935913086
1283,2026-07-09,74.7249984741211,96.0,50.10200119018555
1284,2026-07-10,75.05999755859375,96.0,48.65499877929688
1285,2026-07-11,75.05999755859375,96.0,48.65499877929688
1286,2026-07-12,75.05999755859375,96.0,48.65499877929688
1287,2026-07-13,76.5999984741211,96.0,51.275001525878906
1288,2026-07-14,77.02999877929688,96.0,52.95899963378906
1289,2026-07-15,76.81500244140625,96.0,54.35300064086914
1290,2026-07-16,74.7750015258789,96.0,54.78499984741211
1291,2026-07-17,75.25499725341797,96.0,57.39500045776367
1292,2026-07-18,75.25499725341797,96.0,57.39500045776367
1293,2026-07-19,75.25499725341797,96.0,57.39500045776367
1294,2026-07-20,78.74500274658203,96.0,58.742000579833984
1295,2026-07-21,78.6050033569336,96.0,59.66299819946289
1296,2026-07-22,81.7699966430664,96.0,62.5369987487793
1297,2026-07-23,79.61000061035156,96.0,61.89799880981445
1298,2026-07-24,79.02999877929688,96.0,63.57500076293945
1299,2026-07-25,79.02999877929688,96.0,63.57500076293945
1300,2026-07-26,79.02999877929688,96.0,63.57500076293945
1301,2026-07-27,77.9800033569336,96.0,58.25299835205078
1302,2026-07-28,77.98999786376953,96.0,57.73699951171875
1303,2026-07-29,77.68000030517578,96.0,60.41999816894531
1304,2026-07-30,77.25499725341797,96.0,58.180999755859375
1305,2026-07-31,77.01000213623047,96.0,59.07099914550781
1306,2026-08-01,77.01000213623047,96.0,59.07099914550781
1307,2026-08-02,77.01000213623047,96.0,59.07099914550781
1308,2026-08-03,76.81999969482422,96.0,57.505001068115234
1309,2026-08-04,77.11499786376953,96.0,55.92100143432617
1310,2026-08-05,77.0199966430664,96.0,52.40399932861328
1311,2026-08-06,77.63500213623047,96.0,55.76900100708008
1312,2026-08-07,79.01000213623047,96.0,55.54399871826172
1313,2026-08-08,79.01000213623047,96.0,55.54399871826172
1314,2026-08-09,79.01000213623047,96.0,55.54399871826172
1315,2026-08-10,77.91000366210938,96.0,60.79800033569336
1316,2026-08-11,78.20500183105469,96.0,58.73500061035156
1317,2026-08-12,77.63999938964844,96.0,61.02099990844727
1318,2026-08-13,78.40499877929688,96.0,60.400001525878906
1319,2026-08-14,77.81500244140625,96.0,61.42399978637695
1320,2026-08-15,77.81500244140625,96.0,61.42399978637695
1321,2026-08-16,77.81500244140625,96.0,61.42399978637695
1322,2026-08-17,77.40499877929688,96.0,61.75699996948242
1323,2026-08-18,78.0,96.0,63.64599990844727
1324,2026-08-19,77.56500244140625,96.0,63.38100051879883
1325,2026-08-20,78.08000183105469,96.0,65.29499816894531
1326,2026-08-21,78.5,96.0,65.86499786376953
1327,2026-08-22,78.5,96.0,65.86499786376953
1328,2026-08-23,78.5,96.0,65.86499786376953
1329,2026-08-24,79.55999755859375,96.0,68.31999969482422
1330,2026-08-25,80.04000091552734,96.0,66.58799743652344
1331,2026-08-26,78.6050033569336,96.0,65.6259994506836
1332,2026-08-27,78.15499877929688,96.0,68.09500122070312
1333,2026-08-28,78.62999725341797,96.0,66.97899627685547
1334,2026-08-29,78.62999725341797,96.0,66.97899627685547
1335,2026-08-30,78.62999725341797,96.0,66.97899627685547
1336,2026-08-31,78.62999725341797,96.0,70.2699966430664
